<keymap version="1" name="Default copy" parent="$default">
  <action id="$LRU">
    <keyboard-shortcut first-keystroke="shift ctrl o" />
  </action>
  <action id="$Redo">
    <keyboard-shortcut first-keystroke="ctrl y" />
  </action>
  <action id="ActivateDatabaseToolWindow">
    <keyboard-shortcut first-keystroke="alt 1" />
  </action>
  <action id="ActivateProjectToolWindow">
    <keyboard-shortcut first-keystroke="ctrl b" />
  </action>
  <action id="ActivateTerminalToolWindow">
    <keyboard-shortcut first-keystroke="ctrl dead_grave" />
    <keyboard-shortcut first-keystroke="ctrl back_quote" />
  </action>
  <action id="ActivateVersionControlToolWindow">
    <keyboard-shortcut first-keystroke="alt back_quote" />
  </action>
  <action id="Back">
    <mouse-shortcut keystroke="button4" />
  </action>
  <action id="Console.TableResult.CloneColumn" />
  <action id="Console.TableResult.CompareCells" />
  <action id="Console.TableResult.DeleteRows" />
  <action id="DecrementWindowHeight" />
  <action id="Diff.ApplyLeftSide" />
  <action id="Diff.ApplyRightSide" />
  <action id="Diff.ShowSettingsPopup" />
  <action id="Editor LRU">
    <keyboard-shortcut first-keystroke="shift ctrl o" />
  </action>
  <action id="Editor Redo">
    <keyboard-shortcut first-keystroke="ctrl y" />
  </action>
  <action id="EditorDeleteLine">
    <keyboard-shortcut first-keystroke="shift ctrl d" />
  </action>
  <action id="EditorLineEnd">
    <keyboard-shortcut first-keystroke="end" />
    <keyboard-shortcut first-keystroke="shift alt right" />
  </action>
  <action id="EditorLineStart">
    <keyboard-shortcut first-keystroke="home" />
    <keyboard-shortcut first-keystroke="shift alt left" />
  </action>
  <action id="EmojiPicker.Open" />
  <action id="EslintImportCodeStyle">
    <keyboard-shortcut first-keystroke="ctrl alt quote" />
  </action>
  <action id="Forward">
    <mouse-shortcut keystroke="button5" />
  </action>
  <action id="Generate">
    <keyboard-shortcut first-keystroke="alt insert" />
    <keyboard-shortcut first-keystroke="alt back_slash" />
  </action>
  <action id="Git.Branches" />
  <action id="GotoDeclaration">
    <mouse-shortcut keystroke="control button1" />
    <mouse-shortcut keystroke="button2" />
  </action>
  <action id="IncrementWindowHeight" />
  <action id="Javascript.Linters.EsLint.Fix">
    <keyboard-shortcut first-keystroke="ctrl alt semicolon" />
  </action>
  <action id="Jdbc.OpenEditor.DDL">
    <mouse-shortcut keystroke="control button1" />
    <mouse-shortcut keystroke="button2" />
  </action>
  <action id="MoveLineDown">
    <keyboard-shortcut first-keystroke="shift alt down" />
    <keyboard-shortcut first-keystroke="shift ctrl down" />
  </action>
  <action id="MoveLineUp">
    <keyboard-shortcut first-keystroke="shift alt up" />
    <keyboard-shortcut first-keystroke="shift ctrl up" />
  </action>
  <action id="MoveStatementDown" />
  <action id="MoveStatementUp" />
  <action id="NextEditorTab" />
  <action id="NextSplitter">
    <keyboard-shortcut first-keystroke="ctrl alt right" />
  </action>
  <action id="PrevSplitter">
    <keyboard-shortcut first-keystroke="ctrl alt left" />
  </action>
  <action id="PreviousEditorTab" />
  <action id="QuickChangeScheme" />
  <action id="ResetColumnsWidth" />
  <action id="ResizeToolWindowDown" />
  <action id="ResizeToolWindowUp" />
  <action id="SavaAs" />
  <action id="SplitVertically">
    <keyboard-shortcut first-keystroke="shift ctrl s" />
  </action>
  <action id="Terminal.OpenInTerminal">
    <keyboard-shortcut first-keystroke="shift ctrl back_quote" />
  </action>
  <action id="UML.ShowChanges" />
  <action id="Uml.ShowDiff" />
  <action id="Vcs.QuickListPopupAction" />
  <action id="com.jetbrains.php.framework.FrameworkRunConsoleAction" />
</keymap>